-0.26,-0.05,1,3.88,2.53,1.36,0.09,0.16,-0.52,60.23,-14.15,-2.08
-0.27,-0.04,1.02,14.36,2.5,2.05,0.09,0.16,-0.53,60.15,-14.25,-1.62
-0.27,-0.14,0.99,7.64,-0.25,-5.14,0.09,0.17,-0.52,61.66,-13.62,-6.47
-0.25,-0.09,0.99,4.97,-1.68,-2.95,0.09,0.17,-0.52,62.07,-13.19,-4.28
-0.27,-0.08,0.99,2.5,0.79,-3.8,0.09,0.17,-0.52,63.36,-14.17,-3.85
-0.25,-0.09,0.98,5.51,-2.71,-6.05,0.09,0.17,-0.52,62.32,-13.44,-4.06
-0.29,-0.08,0.98,2.29,-1.4,-2.39,0.08,0.17,-0.51,65.25,-15.2,-3.64
-0.28,-0.07,0.99,3.76,-0.54,-4.2,0.08,0.17,-0.52,65.68,-14.59,-3.31
-0.28,-0.08,0.99,3.66,-1.98,-5.09,0.08,0.17,-0.51,64.77,-14.42,-3.82
-0.29,-0.07,0.99,1.59,-1.85,-4.91,0.07,0.18,-0.52,67.86,-15.47,-3.09
-0.25,-0.07,0.98,3.66,0.36,-1.93,0.07,0.18,-0.51,68.8,-13.68,-3.4
-0.29,-0.07,0.99,2.88,0.03,-3.25,0.08,0.17,-0.51,65.22,-15.27,-3.32
-0.28,-0.07,0.99,3.62,0.81,-1.83,0.08,0.17,-0.52,65.17,-14.62,-3.26
-0.3,-0.07,0.99,4.25,-0.24,-1.53,0.08,0.17,-0.51,65.92,-15.87,-3.33
-0.29,-0.09,0.99,4.78,-0.7,-5.18,0.07,0.17,-0.51,66.73,-14.85,-4.21
-0.27,-0.07,0.98,3.66,-1.5,-3.87,0.07,0.17,-0.51,67.35,-14.68,-3.18
-0.28,-0.08,0.98,2.2,-1.06,-2.76,0.07,0.17,-0.52,67.36,-15.15,-3.76
-0.28,-0.08,0.99,3.32,1.96,-2.92,0.07,0.17,-0.51,65.95,-15.12,-3.78
-0.27,-0.07,0.99,3.57,0.11,-2.87,0.08,0.17,-0.51,66.29,-14.53,-3.09
-0.28,-0.08,0.99,3.55,-0.55,-3.06,0.07,0.17,-0.51,67.12,-14.9,-3.65
-0.28,-0.08,0.98,1.6,-1.09,-2.51,0.07,0.17,-0.51,67.68,-15.01,-3.54
-0.3,-0.06,0.98,4.02,-0.74,-2.77,0.07,0.17,-0.51,66.85,-16.56,-2.56
-0.28,-0.1,0.98,2.96,0.13,-2.01,0.07,0.17,-0.51,68.93,-14.49,-4.62
-0.3,-0.05,0.98,3.77,-1.02,-4.44,0.07,0.17,-0.52,67.25,-16.68,-2.43
-0.3,-0.07,0.99,3.44,0.64,-3.4,0.07,0.17,-0.51,68.82,-15.93,-3.01
-0.29,-0.08,0.99,3.75,-0.78,-5.56,0.07,0.17,-0.51,68.74,-15.51,-3.72
-0.3,-0.06,0.99,3.16,-0.67,-3.5,0.06,0.17,-0.52,69.69,-16.09,-2.59
-0.3,-0.07,0.99,3.07,0.55,-3.78,0.07,0.17,-0.51,68,-15.92,-2.98
-0.3,-0.04,0.99,3.22,-0.22,-2.47,0.07,0.17,-0.51,68.79,-16.45,-1.99
-0.3,-0.04,1.05,2.31,0.46,0,0.07,0.17,-0.52,68.72,-14.75,-1.5
-0.69,-0.15,1.85,-32,-20.11,-1.01,0.07,0.16,-0.52,67.79,-10.85,-2.07
-0.77,0.26,2,-71.14,-71.37,-19.56,0.03,0.11,-0.52,73.85,-10.21,3.12
-0.74,0.45,0.04,37.05,57.38,-37.9,0,0.06,-0.53,86.95,-58.32,31.53
0.9,-0.44,-0.56,57.87,96.2,36.09,0.09,0.1,-0.54,47.19,49.94,-19.94
-0.24,0.18,0.32,-17.5,-40.55,-20.5,0.11,0.1,-0.54,41.01,-40.13,28.49
-0.4,0.07,1.04,-7.76,-9.81,16.6,0.07,0.08,-0.55,49.36,-19.23,2.58
-0.25,0.07,1.12,-3.19,-9.54,4.45,0.06,0.08,-0.55,51.71,-10.9,2.46
-0.29,0.07,0.95,-2.5,-6.83,-3.79,0.06,0.08,-0.55,53.56,-16.5,3.48
-0.36,0.24,1.01,4.98,-12.91,-5.76,0.05,0.08,-0.54,58.21,-15.83,10
-0.41,0.1,0.98,23.03,-13.28,3.39,0.04,0.09,-0.53,66.54,-21.18,4.12
-0.42,-0.08,0.98,20.49,-2.82,7.11,0.03,0.12,-0.52,76.01,-22.21,-3.38
-0.42,-0.02,0.98,12.52,-0.79,10.18,0.04,0.14,-0.51,74.95,-23.12,-0.67
-0.44,-0.06,1.02,18.03,0.42,4.56,0.04,0.16,-0.51,76.52,-21.44,-2.42
-0.49,-0.11,1,16.16,12.63,4.38,0.05,0.17,-0.5,74.75,-24.01,-4.26
-0.36,-0.15,0.98,12.8,8.21,-2.13,0.06,0.19,-0.5,71.9,-17.83,-6.52
-0.31,-0.14,0.95,10.05,13.78,1.94,0.07,0.2,-0.5,69.36,-16.87,-6.67
-0.3,-0.17,0.98,10.03,15.77,0.22,0.08,0.2,-0.5,67.17,-14.78,-7.54
-0.46,-0.7,2,-19.37,-21.14,-12.5,0.09,0.21,-0.5,65.33,-5.57,-8.87
-1.29,0.32,2,-147.08,-76.64,-7.65,0.03,0.13,-0.52,76.18,-16.62,3.43
-0.08,0.42,-0.23,9.97,64.77,-10.59,0.03,0.07,-0.53,68.64,-9.61,72.1
0.9,-0.45,-0.49,58.42,63.47,-1.62,0.11,0.11,-0.54,44.52,52.57,-21.58
-0.21,0.26,0.16,-22.29,-69.81,-16.58,0.1,0.11,-0.54,46.54,-36.82,47.43
-0.86,0.19,0.99,-6.65,-34.12,-7.72,0.04,0.08,-0.54,67.23,-36.28,5.77
-0.46,0.07,1.08,3.2,4.13,20.38,0.03,0.09,-0.53,73.34,-20.37,2.49
-0.43,0.06,1.05,1.35,-0.89,-4.15,0.03,0.09,-0.53,72.9,-20.15,2.39
-0.41,0.09,0.98,15.67,-3.49,-6.09,0.03,0.1,-0.54,72.18,-21.15,3.81
-0.46,-0.02,0.99,14.62,-6.37,-2.72,0.03,0.12,-0.53,75.46,-24.85,-0.8
-0.45,-0.04,0.92,10.56,2.09,-0.73,0.03,0.13,-0.52,76.84,-26.6,-1.69
-0.42,0.03,0.93,15.49,7.99,7.13,0.03,0.14,-0.52,76.71,-24.99,1.41
-0.42,-0.07,0.97,16.96,8.18,5.41,0.04,0.15,-0.51,74.76,-22.5,-2.79
-0.39,-0.07,0.99,16.49,9.37,5.82,0.06,0.17,-0.51,71.76,-20.22,-2.92
-0.38,-0.11,0.93,12.48,16.61,4.53,0.07,0.18,-0.5,69.65,-21.14,-5.2
-0.33,-0.1,0.88,15.74,13.54,-3.66,0.08,0.19,-0.51,67.34,-21.19,-4.94
-0.43,-0.08,1.17,8.73,21.59,3.2,0.09,0.2,-0.5,66.33,-16.49,-2.53
-0.74,-0.75,2,-49.69,-42.42,-21.16,0.11,0.19,-0.51,61.42,-8.81,-9.01
-0.88,0.69,1.83,-93.55,-32.59,15.53,0.04,0.11,-0.53,68.3,-12.31,9.36
-0.07,0.42,-0.3,28.37,49.71,-27.53,0.03,0.05,-0.54,60.56,-8.17,68.73
0.83,-0.47,-0.4,52.2,40.87,-4.85,0.08,0.08,-0.55,46.43,52.91,-25.25
-0.12,0.19,0.15,-23.23,-68.23,-18.17,0.06,0.08,-0.51,51.74,-29.42,53.57
-0.86,0.13,0.98,1.85,-8.03,26.39,0.01,0.07,-0.53,79.14,-38.16,4.13
-0.43,0.03,1.15,0.6,5.32,3.36,0.02,0.08,-0.53,74.29,-17.49,1.09
-0.46,0.11,1.01,-1.24,4.11,-0.13,0.03,0.09,-0.53,74.04,-22.3,4.23
-0.54,0.2,1.01,9.55,6.79,-1,0.04,0.09,-0.54,69.03,-23.98,7.33
-0.42,0.05,0.96,14.28,8.34,6.18,0.05,0.11,-0.55,66.27,-23.49,2.16
-0.41,0.07,1,16.38,7.66,3.82,0.05,0.12,-0.54,67.34,-21.01,2.73
-0.4,-0.07,0.99,14.73,9.22,1.42,0.06,0.14,-0.53,64.73,-20.95,-2.76
-0.31,-0.03,0.98,17.94,12.34,3.43,0.08,0.15,-0.53,62.44,-17.27,-1.51
-0.33,-0.05,1,13.7,15.78,7.64,0.09,0.16,-0.52,61.58,-17.19,-2.22
-0.27,-0.04,0.96,15.78,14.44,7.51,0.1,0.17,-0.52,59.15,-15.82,-1.7
-0.39,-0.09,1.01,15.94,15.43,0.76,0.12,0.19,-0.52,58.51,-19.36,-3.59
-0.24,-0.11,1.03,4.34,19.09,5.02,0.13,0.19,-0.52,55.28,-11.62,-4.75
-0.21,-0.34,1.49,-2.98,3.39,-10.55,0.15,0.19,-0.52,51.45,-4.64,-7.93
-0.58,-0.43,2,-65.83,-39.91,-34.82,0.12,0.16,-0.53,53.5,-7.48,-5.4
-0.46,0.6,1.6,-66.39,-44.37,5.47,0.06,0.07,-0.55,49.58,-8.19,11.3
-0.21,0.4,0.08,16.96,11.53,-40.88,0.03,0.03,-0.54,39.12,-26.95,61.86
0.49,-0.25,-0.29,27.95,47.61,20.08,0.07,0.05,-0.54,34.84,56.29,-23.09
-0.29,0.4,0.09,-19.28,-66.33,-15.69,0.06,0.05,-0.54,38.07,-35.82,52.8
-0.79,0.25,0.79,2.35,-6.9,9.65,0.01,0.05,-0.53,72.15,-41.86,10.15
-0.35,0.03,1.04,6.62,1.47,10.59,0.02,0.06,-0.54,69.62,-17.39,1.39
-0.48,0.22,1.05,8.46,8.05,15.41,0.03,0.07,-0.54,69.08,-20.21,7.73
-0.43,0.2,1.08,20.61,6.75,4.47,0.04,0.09,-0.53,67.65,-17.32,7.22
-0.44,-0.04,1.06,26.04,-1.55,5.93,0.05,0.12,-0.53,67.85,-20.9,-1.3
-0.45,0.02,1,16.57,9.48,9.47,0.05,0.13,-0.53,69.03,-24.08,0.6
-0.57,0.02,0.98,18.55,14.52,4.84,0.06,0.15,-0.53,68.79,-29.89,0.64
-0.39,-0.1,0.98,17.82,7.77,-2.47,0.07,0.17,-0.53,66.68,-20.45,-4.09
-0.34,-0.14,0.92,16.82,7.76,-3.05,0.09,0.18,-0.52,63.4,-19.01,-6.72
-0.35,-0.2,0.99,8.58,17.04,-3.51,0.1,0.18,-0.51,62.21,-16.76,-8.39
-0.3,-0.04,1.07,17.93,9.08,-6.13,0.12,0.19,-0.52,58.4,-14.17,-1.52
-0.29,-0.12,1.03,6.14,9.36,0.87,0.12,0.19,-0.51,58.27,-13.84,-5.14
-0.27,-0.13,0.97,4.09,0.13,-2.15,0.13,0.2,-0.52,57.61,-14.12,-5.96
-0.29,-0.15,0.97,1.69,1.11,-2.09,0.13,0.19,-0.52,56.44,-14.54,-6.97
-0.29,-0.12,0.97,4.15,-0.47,-4.43,0.13,0.2,-0.52,57.06,-15.19,-5.31
-0.29,-0.12,0.98,4.99,0.62,-4.14,0.12,0.19,-0.51,57.05,-15.09,-5.35
-0.31,-0.12,0.98,3.44,0.05,-5.16,0.12,0.19,-0.52,57.88,-15.8,-5.55
-0.3,-0.1,0.97,4.78,0.48,-2.97,0.12,0.2,-0.52,58.32,-15.85,-4.45
-0.29,-0.13,0.98,5.24,1.23,-3.95,0.12,0.2,-0.51,58.22,-14.77,-6.09
-0.29,-0.13,0.98,3.6,-0.91,-2.74,0.13,0.2,-0.52,57.43,-14.91,-5.99
-0.28,-0.12,0.97,3.54,1.1,-3.06,0.12,0.19,-0.51,57.77,-14.82,-5.44
-0.3,-0.12,0.97,4.76,1.69,-0.99,0.12,0.2,-0.52,57.62,-15.83,-5.27
-0.28,-0.15,0.98,4.17,-0.42,-2.78,0.13,0.2,-0.52,57.96,-14.02,-7.04
-0.31,-0.13,0.97,3.46,-0.6,-3.78,0.13,0.2,-0.51,57.02,-16.16,-5.79
-0.28,-0.13,0.97,5.01,0.44,-4.31,0.12,0.2,-0.51,58.57,-14.88,-5.94
-0.29,-0.14,0.98,4.38,-0.05,-3.24,0.12,0.2,-0.52,58.93,-14.88,-6.51
-0.29,-0.12,0.98,3.85,0.91,-1.53,0.12,0.2,-0.52,58.71,-14.86,-5.67
-0.29,-0.13,0.98,3.99,-0.1,-2.89,0.13,0.2,-0.52,57.45,-14.84,-6.04
-0.28,-0.13,0.98,3.32,0.6,-2.47,0.12,0.2,-0.52,59.17,-14.6,-6.04
-0.3,-0.13,0.98,5.11,1.46,-2.21,0.12,0.2,-0.52,58.31,-15.7,-6.02
-0.3,-0.15,0.97,3.8,-0.05,-2.81,0.12,0.2,-0.52,57.7,-15.39,-6.95
-0.29,-0.12,0.97,4.79,0.77,-3.24,0.12,0.2,-0.51,58.26,-15.32,-5.69
-0.3,-0.13,0.98,3.73,0.67,-2.39,0.13,0.2,-0.51,57.79,-15.59,-6.05
-0.29,-0.14,0.98,3.45,0.19,-2.54,0.13,0.2,-0.52,58.13,-14.56,-6.41
-0.29,-0.14,0.97,3.76,0.05,-3.38,0.12,0.2,-0.52,59.59,-14.88,-6.68
-0.3,-0.13,0.97,4.44,1.23,-2.68,0.13,0.2,-0.52,57.16,-15.38,-6.06
-0.28,-0.15,0.98,4.19,0.49,-2.51,0.13,0.2,-0.52,57.74,-14.27,-6.8
-0.28,-0.16,0.97,4.75,0.77,-3.06,0.13,0.2,-0.51,58.33,-14.36,-7.3
-0.29,-0.14,0.97,2.92,0.52,-3.93,0.13,0.2,-0.52,57.63,-15.05,-6.39
-0.29,-0.15,0.98,4.22,1.65,-4.11,0.12,0.2,-0.52,58.36,-14.58,-6.8
-0.3,-0.13,0.98,3.74,0.95,-2.79,0.13,0.2,-0.52,57.05,-15.25,-6.03
-0.29,-0.14,0.98,4.31,-0.61,-1.86,0.13,0.2,-0.52,57.15,-14.9,-6.36
-0.28,-0.15,0.98,4.62,-0.16,-3.94,0.13,0.2,-0.51,57.32,-14.29,-6.74
-0.29,-0.14,0.98,3.36,0.42,-4.01,0.13,0.2,-0.51,57.62,-14.88,-6.25
-0.3,-0.13,0.98,4.73,0.54,-2.32,0.13,0.2,-0.51,58.09,-15.28,-5.81
-0.29,-0.16,0.98,3.98,0.57,-3.24,0.12,0.21,-0.51,58.85,-14.76,-7.13
-0.28,-0.15,0.97,3.97,-0.07,-3.9,0.13,0.21,-0.51,58.45,-14.4,-7.11
-0.29,-0.13,0.97,3.9,1.05,-2.6,0.13,0.21,-0.51,57.91,-15.11,-5.98
-0.31,-0.14,0.98,3.07,0.64,-3.22,0.13,0.2,-0.51,57.05,-15.55,-6.35
-0.27,-0.15,0.98,5.21,-0.01,-3.19,0.13,0.2,-0.52,58.02,-13.87,-7.01
-0.3,-0.14,0.98,3.93,1.23,-3.44,0.13,0.21,-0.51,58.46,-15.41,-6.36
-0.28,-0.16,0.98,4.99,0.32,-2.75,0.13,0.21,-0.51,58.19,-14.05,-7.25
-0.3,-0.16,0.97,4.49,1.28,-3.13,0.13,0.21,-0.51,58.99,-15.2,-7.31
-0.28,-0.16,0.98,3.99,0.73,-4.43,0.13,0.21,-0.51,58.51,-14.13,-7.34
-0.3,-0.14,0.97,3.91,0.62,-3.27,0.13,0.21,-0.51,58.76,-15.23,-6.31
-0.27,-0.16,0.98,4.4,0.73,-3.45,0.13,0.21,-0.52,58.15,-13.82,-7.19
-0.28,-0.15,0.98,4.43,0.87,-4.93,0.13,0.21,-0.51,58.52,-13.91,-7.16
-0.29,-0.14,0.98,3.17,0.5,-3.08,0.13,0.21,-0.51,57.39,-14.83,-6.62
-0.26,-0.16,0.99,4.34,0.92,-3.97,0.13,0.21,-0.52,57.82,-13.13,-7.25
-0.28,-0.14,0.98,3.1,0.16,-2.65,0.13,0.22,-0.52,58.52,-14.31,-6.71
-0.27,-0.17,0.98,3.34,-0.37,-2.38,0.13,0.21,-0.52,58.12,-13.6,-7.82
-0.27,-0.16,0.97,3.48,0.29,-3.96,0.14,0.21,-0.51,56.04,-13.76,-7.67
-0.26,-0.16,0.98,3.8,0.8,-4.25,0.13,0.21,-0.51,58.1,-13.36,-7.57
-0.27,-0.16,0.98,4.4,0.8,-5.29,0.13,0.21,-0.51,57.66,-13.51,-7.6
-0.27,-0.14,0.98,3.85,0.01,-4.06,0.14,0.21,-0.51,57.29,-13.7,-6.72
-0.26,-0.17,0.99,2.17,5.37,-2.92,0.13,0.21,-0.51,57.94,-12.64,-7.79
-0.28,-0.15,0.99,3.89,0.37,-4.59,0.13,0.21,-0.51,57.83,-14.06,-6.84
-0.27,-0.14,0.98,3.57,0.58,-3.23,0.13,0.21,-0.52,58.28,-13.89,-6.67
-0.28,-0.16,0.98,3.37,0.15,-2.81,0.13,0.21,-0.52,57.67,-14.02,-7.42
-0.28,-0.15,0.98,3.58,-0.54,-4.62,0.13,0.2,-0.52,57.27,-14.02,-6.74
-0.28,-0.14,0.99,2.77,0.28,-2.67,0.13,0.21,-0.51,57.18,-14.02,-6.34
-0.28,-0.16,0.98,3.64,0.07,-2.51,0.13,0.21,-0.51,57.37,-14.09,-7.51
-0.26,-0.14,0.96,4.37,0.16,-1.39,0.13,0.21,-0.51,57.27,-13.84,-6.93
-0.27,-0.16,0.98,4.53,0.86,-3.79,0.13,0.21,-0.51,57.52,-13.3,-7.59
-0.29,-0.15,0.98,3.44,-0.84,-3.63,0.13,0.21,-0.51,57.76,-14.46,-7.01
-0.28,-0.15,0.98,3.45,0.1,-3.35,0.13,0.21,-0.51,57.74,-14.05,-6.98
-0.26,-0.16,0.98,3.39,0.63,-4.43,0.13,0.21,-0.51,58.66,-13.21,-7.4
-0.28,-0.15,0.98,4.57,1.24,-2.92,0.13,0.21,-0.52,58.46,-14.1,-7.12
-0.26,-0.15,0.98,4.07,0.94,-3.28,0.13,0.21,-0.51,58.76,-13.3,-7.06
-0.27,-0.16,0.98,2.95,0.28,-3.13,0.14,0.21,-0.51,57.59,-13.63,-7.54
-0.28,-0.14,0.98,4,0.23,-4.61,0.13,0.2,-0.52,56.9,-13.92,-6.65
-0.27,-0.16,0.98,3.66,0.19,-3.68,0.13,0.21,-0.52,57.2,-13.71,-7.3
-0.28,-0.16,0.98,3.07,-0.26,-2.26,0.13,0.21,-0.51,58.03,-14.24,-7.25
-0.25,-0.16,0.98,3.77,1.02,-3.04,0.13,0.21,-0.52,57.3,-12.52,-7.42
-0.28,-0.15,0.98,4.99,1.76,-3.54,0.13,0.21,-0.51,57.49,-14.35,-7.08
-0.26,-0.16,0.98,3.3,2.21,-1.82,0.13,0.21,-0.51,57.43,-13.17,-7.33
-0.27,-0.15,0.98,4.19,0.37,-3.1,0.14,0.21,-0.51,56.9,-13.89,-6.96
-0.27,-0.16,0.98,3.3,-0.08,-3.04,0.14,0.2,-0.51,55.74,-13.33,-7.46
-0.27,-0.15,0.98,3.85,0.25,-4.26,0.13,0.21,-0.51,57.42,-13.76,-7.07
-0.26,-0.17,0.98,4,0.67,-3.07,0.13,0.21,-0.52,57.5,-13.1,-7.73
-0.27,-0.16,0.98,4.1,0.87,-2.5,0.13,0.2,-0.51,56.86,-13.69,-7.31
-0.27,-0.15,0.98,4.41,0.63,-3.01,0.13,0.21,-0.52,57.42,-13.82,-6.96
-0.27,-0.16,0.98,4.29,0.99,-2.33,0.13,0.21,-0.51,57.12,-13.59,-7.47
-0.27,-0.16,0.98,3.31,-0.19,-5,0.13,0.21,-0.51,58.77,-13.42,-7.37
-0.27,-0.16,0.98,3.83,-0.05,-3.9,0.13,0.21,-0.51,58.94,-13.55,-7.62
-0.28,-0.15,0.98,3.48,0.93,-2.95,0.13,0.21,-0.52,57.61,-13.96,-6.95
-0.29,-0.15,0.99,4.08,-0.01,-2.95,0.13,0.21,-0.52,57.5,-14.53,-6.68
-0.28,-0.15,0.98,3.69,0.15,-4.07,0.13,0.21,-0.52,57.17,-14.43,-7.09
-0.28,-0.14,0.98,4.02,0.34,-2.81,0.13,0.21,-0.52,57.94,-14.19,-6.63
-0.28,-0.15,0.98,3.3,0.57,-2.89,0.13,0.21,-0.51,57.82,-14.3,-6.73
-0.27,-0.17,0.99,2.75,-0.32,-3.99,0.13,0.21,-0.51,57.24,-13.43,-7.62
-0.27,-0.15,0.98,3.78,0.16,-3.76,0.13,0.21,-0.52,57.01,-13.94,-7
-0.27,-0.15,0.98,3.98,0.95,-4.65,0.13,0.21,-0.51,58.85,-13.63,-7.11
-0.29,-0.15,0.99,2.12,0.1,-5.1,0.13,0.21,-0.51,57.51,-14.34,-6.72
-0.27,-0.14,0.99,2.65,-1.17,-4.79,0.13,0.21,-0.51,58.64,-13.38,-6.4
-0.29,-0.14,0.97,2.15,0.09,-4.19,0.13,0.21,-0.51,57.4,-15.02,-6.53
-0.27,-0.15,0.99,3.69,0.89,-3.48,0.13,0.2,-0.51,56.9,-13.21,-6.76
-0.27,-0.13,0.98,2.57,0.06,-3.33,0.13,0.21,-0.51,56.88,-13.99,-6
-0.28,-0.14,0.98,3.73,1.12,-3.12,0.13,0.21,-0.52,57.22,-14.37,-6.28
-0.27,-0.14,0.99,3.62,2.15,-4.08,0.13,0.2,-0.51,57.26,-13.58,-6.54
-0.28,-0.18,1.27,-1.41,-6.26,-5.94,0.13,0.21,-0.51,57.33,-8.77,-5.4
-0.7,-0.55,2,-51.35,-47.6,-37.08,0.11,0.18,-0.52,59.48,-8.75,-6.73
-1.07,0.65,1.43,-54.24,-45.56,-7.29,0.03,0.1,-0.53,74.67,-21.74,11.75
-0.25,0.32,-0.39,36.97,56.4,-50.39,0.02,0.06,-0.54,73.9,-28.28,38.04
0.98,-0.25,-0.23,5.79,48.42,39.7,0.11,0.08,-0.55,38.34,73.07,-13.37
-0.37,0.26,0.01,-21.9,-87.51,-31.03,0.09,0.08,-0.56,39.64,-55.43,34.57
-0.93,0.16,0.91,13.12,-16.76,5.27,0.03,0.08,-0.54,68.66,-43.52,5.13
-0.49,-0.01,1.24,17.71,2.56,8.34,0.03,0.09,-0.53,74.35,-17.46,-0.27
-0.52,0.09,1.12,10.19,15.81,7.44,0.03,0.11,-0.54,73.41,-20.94,2.96
-0.46,0.08,1.02,6.24,14.32,10.63,0.05,0.13,-0.53,66.47,-22.46,3.21
-0.36,0.05,1.03,19.07,11.69,9.25,0.08,0.13,-0.54,60.44,-18.08,1.93
-0.4,-0.12,1,17.31,10.06,7.12,0.08,0.15,-0.54,60.71,-19.8,-4.94
-0.36,-0.12,0.98,15.16,7.2,-1.7,0.1,0.16,-0.53,58.93,-18.52,-5.24
-0.38,-0.1,0.97,16.19,16.44,-0.72,0.11,0.17,-0.52,57.78,-20.26,-4.26
-0.3,-0.06,0.99,9.62,12.57,-0.95,0.13,0.19,-0.53,56.63,-16.41,-2.49
-0.39,-0.23,1.48,11.16,18.18,2.83,0.14,0.19,-0.52,53.62,-9.17,-5.1
-0.7,-0.36,2,-63.48,-31.4,-22.48,0.13,0.17,-0.54,52.01,-9.14,-4.43
-0.56,0.46,1.47,-46.45,-32.46,-8.92,0.09,0.1,-0.56,48.6,-11.93,9.63
-0.35,0.3,0.23,-0.18,17.66,-55.66,0.06,0.05,-0.57,38.94,-44.87,36.87
0.64,-0.32,-0.4,18.77,65.19,26.84,0.09,0.07,-0.56,36.15,53.52,-21.5
-0.22,0.21,0.09,-18.01,-68.85,-25.7,0.1,0.07,-0.56,32.47,-45.6,42.3
-0.68,0.12,0.8,12.37,-20.79,11.04,0.05,0.07,-0.55,53.4,-41.36,5.34
-0.51,0.01,1.1,8.73,4.95,23.45,0.05,0.09,-0.55,59.89,-22.76,0.42
-0.51,0.14,1.1,15.01,6.3,-4.47,0.07,0.1,-0.55,56.76,-20.58,4.53
-0.46,0.11,1.06,22.45,16.08,15.75,0.08,0.12,-0.55,55.54,-20.45,3.96
-0.3,-0.02,1.09,21,15.25,7.69,0.1,0.14,-0.54,53.43,-14.02,-0.64
-0.33,-0.07,1.03,19.52,10.15,11.25,0.11,0.16,-0.54,55.94,-16.3,-3.07
-0.31,-0.16,0.99,15.23,7.22,-4.61,0.12,0.17,-0.53,55.09,-15.01,-7.03
-0.31,-0.11,1,12.79,11.7,-1.32,0.12,0.18,-0.53,55.81,-15.51,-4.93
-0.31,-0.21,0.99,14.09,8.06,-0.93,0.14,0.19,-0.52,54.41,-14.8,-9.36
-0.32,-0.15,1,9.98,20.35,0.29,0.16,0.2,-0.53,52.39,-15.6,-6.31
-0.2,-0.1,1.01,12.9,10.27,7.22,0.17,0.21,-0.52,50.29,-9.84,-4.86
-0.27,-0.21,1.01,9.13,1.02,-7.26,0.18,0.21,-0.52,49.37,-12.25,-9.04
-0.29,-0.17,1,11.54,9.32,-3.63,0.17,0.21,-0.52,50.28,-13.77,-7.44
-0.28,-0.26,1.28,3.48,6.13,-1.98,0.19,0.22,-0.51,49.12,-8.32,-7.65
-0.34,-0.65,1.77,-37.69,-42.54,-35.99,0.17,0.21,-0.51,51.31,-5.19,-10.6
-0.43,-0.05,1.74,-84.66,-55.11,-22.33,0.12,0.15,-0.54,50.7,-7.89,-0.77
-0.22,0.27,1.02,-26.98,-24.32,-25.11,0.08,0.08,-0.56,46.09,-9.46,12.11
-0.12,0.16,-0.33,52.87,17.68,-36.79,0.07,0.06,-0.55,40.85,-24.47,34.61
0.37,-0.14,-0.03,-1.92,-1.08,35.99,0.11,0.09,-0.55,40.57,68.76,-21.03
-0.98,0.36,0.5,-16.85,-37.53,3.05,0.08,0.08,-0.55,44.53,-58.22,16.14
-0.64,0.19,0.98,-11.39,-0.1,12.76,0.06,0.06,-0.56,46.57,-28.82,6.88
-0.48,0.17,1.05,5.97,-1.85,-3.36,0.06,0.07,-0.55,50.49,-20.75,6.2
-0.53,0.12,1.01,19.63,8.79,-10.42,0.07,0.08,-0.55,50.62,-24.99,4.43
-0.44,0.09,1.05,18.53,6.93,1.75,0.07,0.1,-0.56,52.37,-20.41,3.52
-0.5,0.04,1.04,13.73,8.61,-4.1,0.08,0.11,-0.56,54.07,-23.88,1.38
-0.43,0.09,0.99,13.82,14.21,-8.11,0.09,0.11,-0.55,50.64,-21.9,3.77
-0.35,-0.03,0.98,12.95,10.09,-5.06,0.11,0.13,-0.55,50.69,-19.34,-1.21
-0.31,0.05,1.02,12.31,11.53,2.66,0.12,0.14,-0.55,48.75,-15.67,2.12
-0.37,-0.08,1.02,11.43,10.03,0.61,0.13,0.14,-0.55,47.04,-18.39,-3.31
-0.34,-0.03,0.96,3.72,19.19,-0.21,0.14,0.14,-0.54,45.59,-19.76,-1.58
-0.23,-0.02,1.02,9.62,17.47,-4.67,0.16,0.15,-0.54,42.38,-12.46,-0.9
-0.24,-0.01,1.06,14.8,9.23,0.22,0.19,0.16,-0.54,40.78,-11.93,-0.33
-0.26,-0.13,1.08,12.99,6.98,2.63,0.19,0.17,-0.53,41.24,-11.24,-5.01
-0.21,-0.16,1.18,1.85,3.01,-2.71,0.2,0.18,-0.53,42.4,-7.73,-5.55
-0.28,-0.33,1.73,-20.92,-38.03,-24.4,0.18,0.16,-0.54,41.63,-4.88,-5.77
-0.45,-0.12,1.85,-49.07,-53.5,-11.97,0.14,0.13,-0.55,43.23,-7.22,-1.73
-0.16,0.04,1.09,-32.56,-18.31,-46.03,0.08,0.07,-0.56,44.24,-7.67,1.62
-0.07,0.37,-0.25,42.23,27.58,-59.48,0.07,0.04,-0.57,30.52,-9.51,70.31
0.62,-0.27,-0.1,8.95,19.87,20.95,0.11,0.07,-0.57,31.22,65.53,-23.34
-0.5,0.3,0.41,-38.06,-56.3,-1.41,0.09,0.05,-0.56,28.76,-47.03,24.08
-0.46,0.15,0.86,-5.99,-10.78,15.19,0.06,0.04,-0.56,31.5,-27,7.36
-0.48,0.22,1.13,-0.04,-3.66,15.82,0.06,0.04,-0.56,33.75,-17.85,7.16
-0.44,0.25,1.05,14.36,-1.55,15.01,0.05,0.04,-0.56,37.18,-17.93,9.07
-0.47,0.27,1,26.8,6.11,6.89,0.05,0.05,-0.55,45.23,-20.17,10.66
-0.43,0.1,0.98,31.45,12.73,6.95,0.06,0.09,-0.55,56.74,-22.17,3.99
-0.43,0.05,1.01,21.26,9.38,-5.24,0.06,0.11,-0.54,58.96,-21.71,2.08
-0.38,0.03,0.95,16.07,11.44,-0.76,0.08,0.12,-0.55,57.47,-21.99,1.5
-0.33,0.04,1,23.1,13.27,2.94,0.09,0.14,-0.54,56.44,-17.71,1.72
-0.39,-0.1,1,15.84,8.46,4.45,0.11,0.16,-0.54,55.69,-19.5,-4.25
-0.35,0,1.03,10.47,22.27,3.72,0.12,0.17,-0.54,54.23,-17.94,0.06
-0.26,-0.05,1.09,10,11.7,4.74,0.13,0.18,-0.53,52.49,-11.78,-1.97
-0.46,-0.18,1.47,1.65,-7.19,-3.39,0.15,0.17,-0.54,49.93,-11.23,-3.9
-0.61,-0.2,1.94,-74.4,-50.33,-25.4,0.11,0.15,-0.54,53.25,-8.8,-2.67
-0.64,0.52,1.46,-41.91,-26.24,-14.23,0.05,0.07,-0.55,51.89,-13.55,10.67
-0.4,0.47,0.23,15.99,24.15,-43.98,0.03,0.03,-0.56,43.18,-37.25,46.37
0.41,-0.28,-0.42,47.77,70.38,13.55,0.07,0.04,-0.56,33.09,42.63,-25.29
-0.29,0.23,0.27,-10.18,-27.73,1.72,0.09,0.05,-0.56,28.18,-43.96,32.33
-0.42,0.03,0.74,-4.17,-16.6,7.11,0.06,0.04,-0.55,38.8,-36.33,1.67
-0.43,0.13,0.98,-4.04,-7.57,3.55,0.05,0.04,-0.56,42.69,-21.49,5.44
-0.42,0.27,1,1.08,-5.57,-1.81,0.05,0.04,-0.56,39.79,-18.27,10.63
-0.6,0.32,0.99,7.74,-7.01,7.55,0.04,0.05,-0.56,53.56,-24.62,11.31
-0.48,0.14,0.94,22.93,6.76,9.47,0.05,0.07,-0.56,56.7,-25.17,5.68
-0.5,0.13,1.02,18.98,3.9,3.2,0.06,0.09,-0.55,58.08,-23.1,4.97
-0.48,-0.01,0.97,21.68,6.57,-5.2,0.07,0.11,-0.55,59.44,-26.89,-0.57
-0.42,0.1,0.99,12.58,16.85,11.38,0.08,0.13,-0.55,56.99,-21.49,4.16
-0.45,-0.04,0.98,13.41,22.5,5.12,0.09,0.14,-0.54,55.19,-24.33,-1.48
-0.34,-0.07,1.04,11.78,20.08,0.57,0.12,0.15,-0.55,52.26,-16.39,-2.95
-0.3,0.01,1.04,10.99,14.45,-0.54,0.14,0.16,-0.54,48.56,-15.42,0.32
-0.28,-0.03,1.06,6.59,10.46,-2.28,0.15,0.16,-0.54,46.68,-13.51,-1.1
-0.3,-0.01,1.05,3.69,-0.52,-0.86,0.15,0.16,-0.54,46.66,-15.02,-0.49
-0.33,-0.16,1.27,-0.14,-5.78,-10.79,0.16,0.16,-0.54,46.7,-10.59,-4.76
-0.69,-0.4,1.99,-45.34,-54.61,-50.98,0.13,0.15,-0.55,49.03,-8.98,-4.93
-0.59,0.5,1.66,-59.93,-67.49,-31.33,0.07,0.08,-0.55,47.82,-10.37,8.52
-0.52,0.44,0.26,11.54,20.22,-61.32,0.03,0.02,-0.55,37.14,-45.73,36.58
0.3,-0.17,-0.28,28.71,65.83,9.73,0.07,0.04,-0.56,30,50.61,-23.59
-0.33,0.33,0.21,-29.38,-47.83,3.63,0.1,0.04,-0.57,20.44,-41.88,40.81
-0.54,0.15,0.7,-7.04,-1.83,22.6,0.07,0.03,-0.57,26.27,-40.52,8.32
-0.39,0.28,0.97,-7.37,4.63,9.84,0.07,0.03,-0.57,25.49,-17.96,11.8
-0.33,0.15,1.03,3.19,-1.26,1.02,0.07,0.03,-0.57,26.76,-15.38,6.05
-0.5,0.3,1,18.8,0.13,5.94,0.07,0.04,-0.56,34.36,-21.2,11.35
-0.42,0.15,1,21.57,11.58,12.07,0.08,0.06,-0.57,39.56,-20.19,5.87
-0.37,0.05,1.06,19.39,1.7,1.23,0.09,0.08,-0.56,43.66,-17.43,2.12
-0.51,0.07,1.01,20.31,5.29,3.42,0.08,0.1,-0.56,49.43,-25.22,2.5
-0.34,0.02,0.99,20.67,6.45,-6.76,0.09,0.12,-0.56,51.24,-18.79,0.65
-0.35,-0.08,0.99,14.95,5.26,-4.64,0.1,0.13,-0.55,52.72,-18.49,-3.29
-0.35,-0.01,0.97,11.22,8.98,-2.31,0.11,0.14,-0.54,52.63,-20.09,-0.29
-0.33,0.04,0.97,8.16,13.26,-0.6,0.12,0.14,-0.54,50.06,-18.49,1.67
-0.28,0,1.04,13.25,18.15,10.43,0.13,0.16,-0.55,49.12,-14.68,-0.07
-0.55,-0.27,1.75,4.09,-3.37,-4.64,0.15,0.16,-0.54,47.32,-9.35,-4.26
-0.71,-0.29,1.97,-61.1,-56.62,-46.36,0.1,0.13,-0.55,52.46,-9.75,-3.6
-0.52,0.65,1.32,-41.5,-39.33,-38.09,0.05,0.06,-0.56,50.78,-12.24,15.91
-0.49,0.43,0.15,26.35,22.64,-67.49,0.02,0.02,-0.55,45,-47.3,39.95
0.44,-0.41,-0.3,34.23,63.1,-5.17,0.06,0.05,-0.56,38.74,41.6,-37.7
-0.38,0.32,0.12,-8.79,-31.62,-12.38,0.07,0.04,-0.57,27.6,-48.75,38.83
-0.4,0.21,0.67,1.07,1.92,14.18,0.04,0.03,-0.56,36.84,-30.74,13.99
-0.43,0.26,1,5.29,3.66,27.29,0.04,0.04,-0.56,41.46,-18.94,10.42
-0.45,0.21,1.07,19.39,8.27,1.05,0.05,0.05,-0.56,46.68,-18.49,7.56
-0.45,0.18,1.11,29.89,6.89,7.45,0.06,0.08,-0.56,50.74,-17.61,6.02
-0.42,0.04,1.01,29.97,14,12.46,0.07,0.11,-0.55,56.66,-22,1.4
-0.37,-0.05,1.08,13.94,13.37,7.56,0.08,0.13,-0.55,56.53,-17.06,-1.92
-0.36,-0.01,0.99,15.29,8.99,-1.64,0.1,0.14,-0.55,53.48,-19.81,-0.59
-0.32,-0.02,0.99,14.07,11.06,4.99,0.11,0.15,-0.54,52.38,-17.58,-0.97
-0.33,-0.01,1,10.17,11.38,4.1,0.12,0.16,-0.54,52.4,-18.09,-0.44
-0.28,-0.03,0.99,17.84,13.52,15.15,0.14,0.16,-0.53,49.93,-15.59,-1.41
-0.35,-0.2,1,19.04,7.16,3.21,0.16,0.18,-0.53,48.27,-16.54,-8.37
-0.29,-0.11,1.02,13.27,10.1,1.01,0.17,0.2,-0.53,49.11,-14.11,-4.54
-0.27,-0.14,1.02,11.22,17.86,2.85,0.19,0.2,-0.53,46.93,-12.81,-5.9
-0.24,-0.38,1.36,0.98,0.08,-3.19,0.2,0.2,-0.52,45.18,-6.24,-10.13
-0.17,-0.64,1.77,-36.11,-46.2,-38.65,0.19,0.19,-0.53,45.6,-2.51,-10.89
-0.45,-0.15,1.82,-53.56,-77.27,-36.28,0.11,0.14,-0.54,52.77,-7.44,-2.29
-0.48,0.1,0.87,-36.26,-14.26,-40.47,0.05,0.08,-0.55,60.32,-28.98,4.63
0.03,0.12,-0.47,12.82,53.37,-31.68,0.07,0.04,-0.56,31.99,4.72,25.18
-0.13,0.45,-0.02,-31.84,-9.44,39.01,0.11,0.03,-0.56,13.67,-15.55,74.39
-0.83,0.36,0.46,-14.21,-43.19,-15.22,0.08,0.02,-0.56,12.88,-55.41,19.29
-0.41,0.26,0.94,-0.52,-0.73,4.84,0.05,0.01,-0.55,13.37,-19.75,11.51
-0.34,0.32,1.05,7.55,-14.33,-5.5,0.05,0.02,-0.55,23.47,-13.56,12.42
-0.47,0.29,1.06,15.51,-2.74,16.17,0.04,0.03,-0.55,37.62,-18.45,10.35
-0.53,0.25,1,28.6,9.28,16.48,0.05,0.06,-0.56,47.9,-22.89,9.27
-0.48,0.12,0.99,19.29,3.15,4.22,0.06,0.08,-0.56,54.44,-23.71,4.88
-0.47,0.06,0.97,14.74,15.49,1.41,0.07,0.1,-0.55,53.17,-25.21,2.56
-0.36,0.05,0.99,16.34,14.92,0.07,0.09,0.11,-0.55,52.34,-19.29,2.11
-0.36,0.04,0.96,20.76,11.47,1.73,0.1,0.13,-0.55,50.88,-20.54,1.67
-0.29,-0.01,0.94,16.67,17.09,2.89,0.11,0.14,-0.54,50.67,-17.92,-0.59
-0.28,-0.03,1.02,13.44,20.16,-0.09,0.13,0.14,-0.54,47.97,-14.8,-1.41
-0.3,-0.02,1.03,13.19,10.71,3.3,0.13,0.16,-0.54,49.92,-15.83,-0.64
-0.28,-0.1,1.05,10,12.7,2.92,0.15,0.16,-0.54,46.58,-13.07,-3.98
-0.22,-0.09,1.04,8.66,1.02,-1.53,0.16,0.17,-0.53,45.58,-10.45,-4.16
-0.26,-0.1,1,5.49,-1.43,-1.66,0.16,0.17,-0.54,45.84,-13.63,-4.39
-0.28,-0.11,0.98,4.46,1.06,-1.26,0.16,0.17,-0.53,47.24,-14.85,-4.96
-0.27,-0.1,0.99,4.8,0.62,-5.2,0.16,0.17,-0.53,47.45,-13.97,-4.35
-0.24,-0.08,0.98,5.42,1.56,-0.84,0.16,0.18,-0.53,47.26,-12.96,-3.84
-0.25,-0.11,0.99,4.63,2.57,-3.08,0.17,0.18,-0.54,47.04,-12.72,-5.33
-0.26,-0.11,1,4.9,1.21,-2.37,0.17,0.18,-0.52,47.55,-13.2,-5.02
-0.24,-0.08,0.99,4.51,1.87,-0.46,0.17,0.18,-0.53,46,-12.9,-3.86
-0.26,-0.12,1,3.74,2.41,-0.06,0.17,0.18,-0.52,47.24,-13.15,-5.34
-0.24,-0.11,1,4.64,0.19,-2.33,0.17,0.18,-0.53,47.2,-11.98,-5.34
-0.24,-0.13,0.99,4.3,1.41,-2.42,0.17,0.18,-0.53,47.5,-12.37,-6.18
-0.24,-0.1,0.99,3.66,-0.01,-2.14,0.17,0.18,-0.53,46.84,-12.2,-4.78
-0.25,-0.11,0.99,4.94,1.23,-2.19,0.17,0.18,-0.53,46.24,-13.23,-4.9
-0.24,-0.12,1,4.22,2.13,-2.53,0.17,0.19,-0.52,47.69,-11.96,-5.67
-0.24,-0.1,1,3.23,1.08,-0.94,0.18,0.19,-0.52,46.53,-12.67,-4.47
-0.23,-0.12,0.99,3.76,1.16,-1.85,0.18,0.19,-0.53,46.17,-11.79,-5.8
-0.23,-0.12,0.99,3.62,1.81,-2.15,0.18,0.18,-0.53,45.31,-11.81,-5.57
-0.23,-0.12,1,4.55,0.61,-2.96,0.18,0.19,-0.52,45.65,-11.6,-5.56
-0.24,-0.1,0.99,3.81,-0.23,-3.04,0.18,0.19,-0.53,45.5,-12.52,-4.54
-0.22,-0.13,1,3.52,0.99,-3.97,0.18,0.19,-0.53,45.39,-10.9,-5.96
-0.24,-0.13,0.99,4.31,0.67,-4.28,0.18,0.18,-0.53,45.74,-11.97,-5.94
-0.23,-0.11,1,4.67,2.1,-3.69,0.18,0.18,-0.53,46.18,-11.73,-4.95
-0.23,-0.14,1.01,4.15,-0.2,-3.28,0.18,0.18,-0.53,45.31,-11.11,-6.31
-0.23,-0.09,0.99,3.8,-0.02,-4.1,0.18,0.18,-0.53,45.88,-12.19,-4.44
-0.23,-0.13,0.99,4.11,1.19,-1.03,0.18,0.18,-0.53,45.13,-11.71,-5.99
-0.22,-0.11,1,3.96,0.07,-2.66,0.18,0.19,-0.53,46.01,-11.43,-5.3
-0.21,-0.13,1,3.69,0.32,-3.18,0.18,0.18,-0.53,45.72,-10.54,-6.26
-0.22,-0.13,0.99,4.67,0.41,-3.01,0.18,0.18,-0.53,45.71,-11.23,-6.17
-0.23,-0.12,0.99,3.4,0.61,-3.3,0.18,0.18,-0.54,45.83,-11.99,-5.43
-0.25,-0.11,0.99,3.97,0.56,-3.16,0.18,0.18,-0.54,45.69,-12.85,-4.94
-0.24,-0.12,1,3.47,1.53,-4.13,0.18,0.18,-0.53,45.61,-11.96,-5.63
-0.22,-0.11,1,2.85,-0.64,-3.8,0.18,0.18,-0.53,45.09,-10.99,-5.15
-0.22,-0.12,0.99,3.58,1.03,-3.95,0.18,0.18,-0.54,44.96,-11.34,-5.57
-0.22,-0.12,1,3.19,0.67,-3.68,0.18,0.18,-0.53,44.84,-11.16,-5.85
-0.23,-0.12,1,3.84,0.63,-3.12,0.18,0.19,-0.53,45.52,-11.7,-5.7
-0.21,-0.12,1,3.29,0.39,-2.92,0.18,0.18,-0.53,44.67,-10.49,-5.58
-0.24,-0.11,1,2.76,0.55,-3.28,0.18,0.18,-0.53,45.71,-12.05,-5.31
-0.21,-0.12,0.99,4.66,0.74,-4.34,0.19,0.18,-0.53,44.46,-10.52,-5.83
-0.22,-0.12,1,4.35,0.89,-3.15,0.18,0.18,-0.53,45.26,-10.94,-5.71
-0.22,-0.12,1,2.92,-0.41,-3.45,0.18,0.19,-0.53,45.98,-11.34,-5.45
-0.23,-0.12,1,4,-0.55,-3.78,0.18,0.18,-0.54,44.67,-11.57,-5.44
-0.23,-0.11,1,4.9,1.07,-2.99,0.18,0.18,-0.54,45,-11.87,-5.04
-0.21,-0.12,0.99,3.6,0.3,-3.34,0.18,0.19,-0.53,46.17,-10.83,-5.9
-0.23,-0.12,1,2.34,-0.04,-3.96,0.18,0.19,-0.53,45.81,-11.48,-5.79
-0.21,-0.12,1,3.84,-0.93,-4.16,0.18,0.19,-0.53,46.28,-10.77,-5.86
-0.23,-0.11,0.99,5.13,1.16,-4.19,0.18,0.18,-0.53,45.89,-11.84,-5.24
-0.22,-0.14,1,3.66,0.76,-4.7,0.18,0.18,-0.53,46.2,-11.05,-6.52
-0.23,-0.11,0.99,3.62,0.07,-2.83,0.18,0.19,-0.53,46.55,-11.78,-5.41
-0.24,-0.12,0.99,4.14,0.94,-2.13,0.14,0.18,-0.53,51.73,-12.18,-5.73
-0.22,-0.14,1,3.3,0.99,-2.92,0.18,0.19,-0.53,46.66,-10.72,-6.53
-0.24,-0.12,1,4.06,1.3,-4.64,0.18,0.19,-0.53,46.32,-12.22,-5.63
-0.23,-0.12,1,3.54,-0.12,-4.67,0.18,0.19,-0.53,45.92,-11.8,-5.5
-0.22,-0.11,1,3.39,0.75,-3.81,0.18,0.19,-0.53,46.89,-11.02,-5.05
-0.23,-0.12,1,3.19,0.93,-4.18,0.18,0.19,-0.52,45.87,-11.39,-5.49
-0.21,-0.11,1,2.74,0.09,-2.13,0.18,0.18,-0.53,45.97,-10.86,-5
-0.22,-0.12,1,3.9,0.26,-3.94,0.18,0.18,-0.54,45.07,-11.35,-5.59
-0.23,-0.14,1,2.7,-0.99,-3.93,0.18,0.18,-0.53,46.02,-11.21,-6.71
-0.24,-0.1,0.99,4.03,1.27,-4.11,0.18,0.18,-0.53,46.13,-12.72,-4.46
-0.2,-0.13,1,3.3,0.3,-3.38,0.18,0.19,-0.53,46.51,-10.29,-5.95
-0.25,-0.1,0.98,4.05,0.06,-3.84,0.18,0.19,-0.52,45.9,-13.17,-4.48
-0.21,-0.12,1,5.2,2.24,-5.03,0.18,0.18,-0.53,45.88,-10.41,-5.84
-0.21,-0.11,1.01,3.66,-0.08,-4.22,0.18,0.18,-0.53,45.24,-10.55,-5.02
-0.23,-0.11,1,4.42,-0.6,-3.41,0.18,0.18,-0.53,45.59,-11.7,-5.01
-0.22,-0.13,1,3.7,0.56,-2.27,0.18,0.19,-0.54,45.48,-11.18,-6.07
-0.22,-0.14,1,4.43,0.73,-3.07,0.18,0.19,-0.53,45.97,-10.79,-6.55
-0.21,-0.13,1,3.92,-0.39,-4.27,0.18,0.19,-0.53,46.13,-10.62,-6.19
-0.22,-0.13,0.99,5.37,0.77,-3.81,0.18,0.18,-0.53,45.84,-11.28,-6.15
-0.22,-0.12,1,4.93,1.3,-2.92,0.18,0.18,-0.53,45.57,-11.01,-5.68
-0.23,-0.14,0.99,3.87,-0.58,-4.3,0.18,0.19,-0.53,46.12,-11.49,-6.77
-0.22,-0.12,1,4.02,1.89,-4.03,0.18,0.19,-0.53,46.51,-11.37,-5.48
-0.24,-0.12,1,4.39,0.43,-4.25,0.18,0.19,-0.54,46.99,-11.91,-5.65
-0.22,-0.15,1,3.06,-0.58,-4.73,0.18,0.18,-0.53,45.75,-10.78,-6.98
-0.24,-0.11,0.98,3.19,0.32,-2.87,0.17,0.19,-0.53,47.3,-12.4,-5.4
-0.23,-0.16,1,4.49,0.66,-4.02,0.17,0.19,-0.52,47.64,-11.33,-7.44
-0.23,-0.13,1,2.93,0.28,-4.02,0.18,0.19,-0.52,46.57,-11.51,-6.07
-0.23,-0.14,0.99,3.41,0.5,-3.13,0.18,0.19,-0.53,47.18,-11.72,-6.48
-0.21,-0.13,1,3.41,0.74,-2.33,0.17,0.2,-0.52,48.62,-10.58,-6.23
-0.23,-0.14,1,3.21,0.06,-2.64,0.17,0.19,-0.53,48.07,-11.3,-6.75
-0.23,-0.14,1,3.34,-0.65,-4.41,0.18,0.19,-0.52,46.86,-11.51,-6.34
-0.23,-0.13,0.99,2.92,0.8,-3.3,0.17,0.19,-0.52,46.94,-11.74,-5.99
-0.23,-0.13,1,3.79,0.87,-5.11,0.18,0.19,-0.52,46.06,-11.46,-5.95
-0.23,-0.11,0.99,3.16,0.55,-2.8,0.17,0.19,-0.53,47.65,-11.6,-5.34
-0.24,-0.12,0.99,3.55,1.71,-2.63,0.18,0.19,-0.52,46.94,-12.11,-5.6
-0.23,-0.13,0.99,4.49,-0.37,-2.56,0.18,0.19,-0.52,47.05,-11.68,-6.05
-0.23,-0.12,0.99,2.53,0.4,-4.93,0.18,0.19,-0.52,46.55,-11.65,-5.83
-0.23,-0.14,0.98,2.76,0.16,-2.89,0.17,0.19,-0.53,47.19,-11.92,-6.43
-0.24,-0.12,1,3.39,2.55,-3.6,0.18,0.19,-0.53,46.38,-12.04,-5.32
-0.21,-0.14,1,4.07,0.25,-3.84,0.18,0.18,-0.53,45.68,-10.49,-6.61
-0.24,-0.13,1,3.3,0.25,-4.11,0.18,0.19,-0.53,46.02,-11.93,-6.16
-0.22,-0.11,0.99,3.76,0.18,-2.27,0.18,0.18,-0.52,45.71,-11.25,-5.17
-0.24,-0.12,1,3.99,0.84,-3.66,0.18,0.18,-0.52,45.96,-12.14,-5.65
-0.22,-0.11,1,3.43,-0.43,-3.32,0.18,0.19,-0.52,46.19,-11.45,-5.21
-0.24,-0.12,0.99,2.93,0.34,-2.74,0.18,0.19,-0.53,46.77,-12.12,-5.76
-0.23,-0.13,1,4.25,0.34,-3.04,0.17,0.19,-0.52,47.22,-11.77,-6.01
-0.23,-0.12,1,4.25,0.49,-2.23,0.18,0.19,-0.53,47.26,-11.82,-5.56
-0.23,-0.13,0.98,3.93,-1.66,-5.29,0.18,0.19,-0.52,46.61,-11.68,-6.38
-0.22,-0.12,0.99,3.95,0.85,-3.14,0.18,0.19,-0.52,47.31,-11.27,-5.83
-0.22,-0.14,0.99,4.79,0.79,-2.64,0.18,0.19,-0.52,47.08,-11.24,-6.41
-0.22,-0.14,1,4.47,0.83,-3.07,0.18,0.19,-0.53,46.83,-10.69,-6.59
-0.21,-0.15,0.99,4.49,0.73,-4.11,0.18,0.2,-0.52,47.83,-10.62,-7.02
-0.22,-0.13,0.99,4.56,1.49,-3.69,0.18,0.2,-0.52,47.48,-11.18,-6.28
-0.22,-0.15,1,3.42,0.19,-4.07,0.18,0.2,-0.52,47.62,-10.55,-7.08
-0.23,-0.13,0.99,3.07,-0.67,-4.31,0.18,0.19,-0.52,47.05,-11.72,-5.94
-0.23,-0.13,0.99,2.76,0.31,-2.96,0.17,0.19,-0.52,47.78,-11.54,-6.33
-0.22,-0.13,1.01,3.33,0.52,-3.74,0.18,0.19,-0.52,47.13,-11.15,-5.91
-0.23,-0.25,1.52,-4.75,-17.88,-13.85,0.18,0.19,-0.52,47.05,-5.11,-5.58
-0.67,-0.35,2,-68.55,-68.05,-40.99,0.12,0.15,-0.54,50.68,-8.83,-4.23
-0.58,0.54,1.36,-31.76,-28.77,-56.27,0.06,0.08,-0.55,53.24,-13.63,12.51
-0.35,0.11,-0.5,35.78,63.77,-64.82,0.05,0.04,-0.55,38.97,-44.31,10.13
0.96,-0.14,-0.22,-9.12,53.02,56.26,0.14,0.05,-0.57,20.9,79.11,-7.61
-0.52,0.25,0.3,-3.3,-78.03,-21.38,0.12,0.04,-0.57,19.85,-57.14,22.14
-0.52,0.07,0.96,-3.47,-29.73,20.44,0.07,0.04,-0.57,30.81,-27.96,2.77
-0.38,0.11,1.1,2.19,-4.91,19.99,0.07,0.06,-0.56,40.84,-15.8,3.78
-0.5,0.21,1.07,3.8,7.64,18.89,0.06,0.06,-0.56,41.94,-20.09,7.37
-0.49,0.17,1.02,14.03,7.62,6.36,0.08,0.07,-0.56,44.46,-22.2,6.4
-0.53,0.13,0.98,16.46,5.95,-3.44,0.08,0.08,-0.55,45.45,-25.54,5.05
-0.46,0.11,0.99,22.92,16.82,1.12,0.09,0.1,-0.56,47.38,-22.75,4.51
-0.34,0,1.01,24.4,9.3,-2.15,0.11,0.12,-0.55,49.71,-18.32,0.09
-0.4,-0.07,1.04,14.34,14.61,-3.22,0.12,0.14,-0.54,49.93,-19.12,-2.75
-0.36,-0.02,1.05,13.53,19.22,-3.68,0.14,0.15,-0.55,47.5,-17.73,-0.85
-0.27,0,1,9.97,11.18,0.61,0.15,0.16,-0.53,46.37,-15.09,0.18
-0.31,-0.05,1.03,9.97,11.66,1.95,0.16,0.16,-0.53,45.2,-15.61,-2.21
-0.25,-0.16,1.07,4.55,10.82,-0.52,0.18,0.17,-0.54,43.91,-10.65,-6.72
-0.47,-0.12,1.69,-3.51,-8.96,-15.34,0.18,0.16,-0.55,41.89,-8.91,-2.02
-0.81,-0.32,2,-69.51,-82.66,-47.86,0.11,0.12,-0.56,49,-10.68,-3.76
-0.61,0.7,1.17,-29.27,-32.3,-57.49,0.06,0.05,-0.56,38.81,-16.41,19.55
-0.03,0.05,-0.73,43.8,30.06,-26.07,0.06,0.03,-0.56,25.36,-3,5.26
0.79,-0.5,-0.14,2.98,8.98,33.76,0.12,0.07,-0.57,29.58,56.85,-31.57
-0.56,0.07,0.55,-31.09,-52.62,6.22,0.1,0.05,-0.57,25.85,-56.18,4.59
-0.58,0.24,1.05,-12.58,-16.22,5.76,0.08,0.04,-0.57,26.45,-23.49,8.17
-0.41,0.2,1.1,1.8,-2.18,-6.34,0.08,0.03,-0.57,21.25,-16.18,7.1
-0.46,0.35,0.96,17.69,6.74,4.2,0.07,0.04,-0.57,28.57,-19.73,14.3
-0.4,0.13,0.93,32.79,8.95,6.75,0.08,0.06,-0.57,37.07,-21.73,6.1
-0.46,0.07,0.99,29.3,15.44,7.68,0.09,0.09,-0.56,43.56,-23.5,2.93
-0.36,-0.03,1.05,22.03,14.14,0.75,0.11,0.11,-0.56,45.82,-17.78,-1.34
-0.35,-0.01,1.03,15.84,12.01,-7.33,0.12,0.13,-0.55,45.93,-17.89,-0.54
-0.35,-0.01,1.03,12.07,11.68,4.24,0.14,0.14,-0.54,44.59,-18.01,-0.26
-0.28,0,1.03,13.22,12.15,5.26,0.15,0.15,-0.54,44.97,-14.94,-0.16
-0.34,0.09,1,14.77,2.91,8.94,0.16,0.15,-0.54,43.77,-17.29,3.84
-0.37,-0.25,1.15,11.13,13.38,5.14,0.17,0.17,-0.54,45.4,-13.11,-8.52
-0.51,-0.44,1.91,-19.22,-6.2,-16.3,0.17,0.17,-0.54,45.87,-7.1,-6.1
-0.53,0.01,1.82,-72.02,-60.68,-24.61,0.13,0.11,-0.56,40.19,-9.04,0.2
-0.63,0.48,1.1,-22.7,-31.19,-40.06,0.08,0.05,-0.57,31.3,-20.37,14.5
-0.22,0.22,-0.43,51.53,36.77,-60.18,0.06,0.02,-0.56,21.4,-28.68,28.24
0.71,-0.35,-0.14,-4.09,23.51,36.06,0.11,0.05,-0.57,25.22,62.44,-25.61
-0.35,0.16,0.48,-5.31,-38.44,7.23,0.12,0.05,-0.57,22.03,-40.96,15.8
-0.56,0.08,0.96,6.27,-7.04,15.19,0.1,0.05,-0.57,28.32,-29.4,3.26
-0.33,-0.01,1.08,4.2,-1.84,7.27,0.1,0.07,-0.57,33.96,-15.68,-0.48
-0.24,0.16,1.03,5.97,-7.46,6.65,0.1,0.08,-0.57,36.91,-11.17,6.85
-0.42,0.13,1.05,21.9,-0.25,3.07,0.1,0.09,-0.57,42.24,-18.61,4.9
-0.42,-0.07,1.12,16.3,1.51,5.56,0.11,0.1,-0.56,43.87,-17.67,-2.31
-0.48,-0.04,1.05,14.62,10.16,2.68,0.12,0.12,-0.55,45.82,-22.42,-1.54
-0.32,-0.01,1.01,14.05,13.55,3.21,0.13,0.14,-0.55,45.24,-17.18,-0.28
-0.32,-0.1,1.01,18.74,8.85,-6.24,0.14,0.15,-0.54,46.11,-16.19,-4.17
-0.35,-0.06,1.03,10.39,13.61,-0.58,0.15,0.16,-0.54,46.5,-17.32,-2.37
-0.34,-0.04,1,11.96,18.23,1.38,0.17,0.16,-0.54,43.85,-18.01,-1.88
-0.27,-0.1,1.05,7.83,14.45,-0.19,0.18,0.16,-0.54,41.85,-12.55,-4.28
-0.33,-0.15,1.24,-1.33,0.66,-6.54,0.18,0.17,-0.54,42.73,-11.01,-4.58
-0.62,-0.35,1.96,-20.22,-29.66,-33.49,0.17,0.16,-0.55,43.82,-8.41,-4.47
-0.67,0.27,1.76,-55.34,-39.4,-8.13,0.11,0.1,-0.56,44.12,-11.35,4.07
-0.67,0.36,0.66,-7.96,6.24,-32.25,0.08,0.05,-0.56,34.38,-40.35,18.09
0.12,-0.25,-0.54,37.23,68.26,-22.33,0.11,0.05,-0.57,26.96,12.22,-31.87
-0.07,0.11,0.03,-14.32,-30.45,4.8,0.15,0.06,-0.58,23.37,-29.85,59.57
-0.5,0.06,0.75,-7.25,-31.45,6.71,0.1,0.06,-0.57,29.13,-39,3.08
-0.35,0.09,1.07,-5.88,-13.56,13.49,0.09,0.06,-0.57,31.81,-15.78,3.54
-0.33,0.13,1.07,-1.5,-14.34,2.06,0.08,0.06,-0.57,33.82,-14.38,4.94
-0.45,0.17,1,8.7,-8.66,12.4,0.07,0.06,-0.56,39.87,-20.98,6.82
-0.5,0.05,0.9,16.76,-2.66,8.87,0.07,0.08,-0.56,48.61,-29.83,2.27
-0.56,0.07,0.93,14.77,11.07,10.28,0.08,0.1,-0.56,51.59,-30.58,2.89
-0.49,0.03,1,13.97,7.71,-5.31,0.1,0.12,-0.56,49.62,-25.42,1.24
-0.39,-0.04,1.02,18.98,29.68,-2.56,0.12,0.14,-0.55,49.18,-20.1,-1.47
-0.37,-0.07,1.04,15.31,26.12,-12.52,0.15,0.15,-0.55,44.73,-17.66,-2.91
-0.31,-0.1,1.34,25.64,20.02,-4.28,0.17,0.16,-0.54,43.11,-9.34,-2.83
-0.34,-0.46,2,-41.66,-38.27,0.87,0.17,0.17,-0.55,44.13,-4.39,-6.09
-0.46,-0.03,1.61,-65.65,-58.72,13.37,0.1,0.1,-0.56,46.09,-10,-0.6
-0.44,0.24,0.24,13.09,29.87,-12.76,0.08,0.06,-0.57,37.46,-55.31,26.05
0.23,-0.06,-0.48,47.77,56,-27.05,0.1,0.07,-0.57,34.32,37.51,-7.81
-0.13,0.17,-0.03,-14.2,-25.75,13.55,0.12,0.08,-0.57,33.69,-38.97,50.75
-0.63,0.11,0.68,3.11,-25.14,7.13,0.09,0.08,-0.58,41.61,-48.15,5.86
-0.4,0.03,1.12,12.51,-12.47,-5.82,0.08,0.09,-0.56,49.3,-17.25,0.92
-0.39,0.13,1.15,18.06,11.88,16.34,0.08,0.11,-0.55,52.11,-15.04,4.18
-0.4,0.1,1,30.35,2.21,9.38,0.1,0.13,-0.56,53.38,-19.82,3.98
-0.47,-0.26,1.11,28.94,31.08,3.8,0.12,0.16,-0.54,54.16,-17.5,-8.59
-0.39,-0.14,1.12,9.76,23.66,-5.97,0.14,0.17,-0.57,50.59,-15.32,-4.96
-0.5,-0.33,2,25.45,-9.7,-19.28,0.16,0.18,-0.54,47.82,-6.64,-4.24
-0.47,-0.38,1.77,-55.57,-71.13,-17.62,0.12,0.16,-0.54,52.73,-7.67,-6.07
-0.3,0.16,1.03,-36.58,-12.56,-20.11,0.06,0.1,-0.55,58.15,-13.7,6.58
-0.32,0.48,0.07,16.5,13.19,-45.85,0.05,0.06,-0.55,47.63,-33.61,55.74
0.35,-0.24,-0.2,15.39,40.65,11.04,0.08,0.08,-0.56,45.49,52.11,-31.2
-0.16,0.17,0.14,0.49,-16.99,-1.41,0.1,0.08,-0.56,38.85,-39.74,43.51
-0.58,-0.05,0.73,0.95,-20.38,18.71,0.06,0.09,-0.55,54.87,-45.22,-2.63
-0.53,0.12,1.11,0.64,-0.7,14.25,0.07,0.09,-0.56,55.32,-21.39,3.81
-0.51,0.09,1.09,5.95,-4.6,-8.3,0.07,0.1,-0.56,53.51,-21.94,2.9
-0.56,0.08,0.99,12.87,9.09,-9.92,0.07,0.11,-0.55,57.63,-27.92,2.98
-0.4,0.06,1.03,18.99,28.85,4.22,0.1,0.12,-0.55,51.64,-19.9,2.38
-0.4,0,1.02,28.72,27.34,5.01,0.11,0.14,-0.55,49.94,-21.21,0.04
-0.4,-0.16,1.12,13.12,17.86,-1.66,0.13,0.15,-0.54,50.3,-15.88,-5.67
-0.35,0.07,1.02,1.21,11.51,1.82,0.14,0.15,-0.55,47.64,-17.56,3.01
-0.39,-0.04,1.05,7.87,4.25,-0.07,0.15,0.16,-0.55,45.85,-18.7,-1.69
-0.29,-0.05,0.99,-0.37,-3.21,-6.04,0.15,0.15,-0.54,44.45,-15.63,-2.47
-0.34,-0.03,0.96,4.16,-2.07,-3.57,0.16,0.16,-0.54,45.98,-19.57,-1.59
-0.33,-0.08,0.95,2.71,1.37,-3.5,0.15,0.16,-0.54,46.11,-18.45,-3.77
-0.3,-0.09,0.98,3.72,2.74,-5.52,0.16,0.16,-0.55,45.58,-15.86,-4.16
-0.28,-0.06,0.97,4.73,0.43,-5.05,0.16,0.16,-0.55,44.52,-15.37,-3.01
-0.3,-0.06,0.98,4.74,0.58,-4.95,0.16,0.15,-0.55,44.25,-16.59,-2.89
-0.32,-0.03,0.98,4.27,1.97,-2.86,0.16,0.16,-0.54,44.7,-17.72,-1.51
-0.29,-0.04,0.98,4.22,2.29,-4.1,0.16,0.15,-0.54,43.65,-16.24,-1.89
-0.3,-0.07,0.99,3.63,0.13,-3.82,0.16,0.16,-0.54,44.92,-16.09,-3.24
-0.31,-0.04,0.98,3.44,2.68,-3.12,0.16,0.15,-0.55,43.58,-17.26,-1.73
-0.31,-0.05,0.98,3.78,0.37,-2.5,0.16,0.15,-0.55,43.62,-16.99,-2.29
-0.33,-0.04,0.99,4.41,1.72,-3.09,0.16,0.15,-0.54,42.68,-18.24,-1.72
-0.29,-0.05,0.98,4.24,0.64,-2.13,0.16,0.15,-0.54,43.86,-16.01,-2.17
-0.31,-0.07,0.98,4.24,1.57,-1.94,0.16,0.15,-0.54,43.58,-16.88,-3.04
-0.28,-0.06,0.98,4.01,0.96,-3.35,0.16,0.15,-0.55,43.53,-15.46,-2.56
-0.3,-0.07,0.99,3.51,0.28,-4.41,0.16,0.16,-0.54,43.82,-16.24,-2.92
-0.3,-0.05,0.98,4.37,0.08,-4.61,0.16,0.16,-0.54,44.32,-16.34,-2.26
-0.27,-0.07,0.98,4.42,-0.51,-3.93,0.16,0.16,-0.55,45,-14.75,-3.2
-0.3,-0.07,0.98,4.28,1.41,-4.95,0.16,0.16,-0.54,44.53,-16.53,-3.05
-0.3,-0.06,0.99,3.61,1.7,-3.36,0.17,0.16,-0.55,43.57,-16.23,-2.49
-0.29,-0.06,0.98,3.97,-0.12,-3.33,0.16,0.16,-0.55,43.6,-15.69,-2.7
-0.29,-0.06,0.97,3.51,1,-4.31,0.17,0.16,-0.54,43.3,-16.2,-2.99
-0.28,-0.07,0.98,3.1,0.7,-4.68,0.17,0.16,-0.55,43.64,-15.32,-3.1
-0.28,-0.07,0.98,4.13,1.25,-3.55,0.16,0.15,-0.55,43.4,-15.07,-3.32
-0.29,-0.07,0.99,3.8,0.59,-4.16,0.17,0.15,-0.55,42.39,-15.54,-2.95
-0.31,-0.03,0.98,3.51,-0.86,-4.05,0.17,0.16,-0.55,42.18,-17.41,-1.42
-0.27,-0.06,0.99,2.34,1.94,-4.62,0.17,0.15,-0.55,42.32,-14.5,-2.86
-0.29,-0.05,0.98,3.41,-0.47,-3.28,0.16,0.15,-0.55,42.48,-16.03,-2.21
-0.3,-0.05,0.98,2.48,0.69,-2.44,0.16,0.15,-0.55,42.83,-16.31,-2.43
-0.29,-0.03,0.98,3.96,1.06,-3.96,0.16,0.15,-0.54,42.9,-16.38,-1.49
-0.29,-0.05,0.99,4.79,1.2,-3.81,0.16,0.15,-0.55,42.76,-15.95,-2.38
-0.28,-0.05,0.99,2.34,0,-4.87,0.17,0.15,-0.55,41.84,-15.35,-2.47
-0.28,-0.05,0.98,4.18,0.43,-4.45,0.16,0.15,-0.54,42.14,-15.69,-2.29
-0.28,-0.06,0.98,3.56,2.09,-4.3,0.16,0.15,-0.54,42.8,-15.33,-2.7
-0.27,-0.03,1,4.1,1.64,-3.13,0.17,0.15,-0.54,42.53,-14.96,-1.33
-0.28,-0.07,0.99,4.85,0.51,-2.88,0.16,0.16,-0.54,44.3,-14.97,-3.01
-0.26,-0.04,0.98,3.27,1.36,-2.66,0.17,0.15,-0.55,42.1,-14.56,-1.78
-0.28,-0.06,1,3.92,0.92,-3.65,0.17,0.15,-0.56,41.95,-14.73,-2.86
-0.28,-0.03,0.99,3.81,0.75,-3.87,0.17,0.15,-0.54,41.32,-15.29,-1.56
-0.28,-0.05,0.99,3.19,-0.23,-4.5,0.17,0.15,-0.54,41.71,-14.89,-2.45
-0.28,-0.04,0.98,3.63,0.3,-3.1,0.17,0.15,-0.55,41.89,-15.54,-1.84
-0.27,-0.05,1,3.07,1.62,-2.34,0.17,0.15,-0.54,41.86,-14.7,-2.48
-0.27,-0.06,0.99,4.02,-0.05,-3.04,0.17,0.15,-0.55,42.28,-14.55,-2.67
-0.28,-0.04,0.99,3.7,0.74,-2.21,0.17,0.15,-0.54,42.27,-15.2,-1.62
-0.27,-0.04,1,2.5,0.7,-2.93,0.17,0.15,-0.55,42.17,-14.78,-1.77
-0.28,-0.05,0.99,3.93,-0.31,-3.07,0.17,0.15,-0.54,41.2,-15.26,-2.22
-0.28,-0.04,0.98,3.22,-0.1,-3.04,0.17,0.15,-0.54,42.63,-15.7,-1.95
-0.28,-0.06,0.99,4.17,0.32,-3.75,0.17,0.15,-0.55,41.9,-15,-2.63
-0.26,-0.06,0.99,3.73,0.73,-2.39,0.18,0.15,-0.55,40.99,-14.24,-2.64
-0.28,-0.05,0.99,4.72,1.34,-3.08,0.17,0.15,-0.54,42.14,-15.29,-2.29
-0.25,0.03,1.2,1.61,0,4.73,0.17,0.16,-0.55,42.06,-9.61,0.89
-0.77,-0.54,2,-55.85,-59.1,-30.19,0.15,0.14,-0.55,43.01,-9.66,-6.47
-0.83,0.87,1.71,-29.01,-35.26,-4.33,0.09,0.08,-0.57,39.54,-12.43,13.01
-0.21,0.1,-0.66,63.89,44.85,-80.97,0.08,0.06,-0.56,37.43,-21.53,8.63
1.17,-1,-0.3,12.72,44.64,16.74,0.14,0.11,-0.55,39.85,46.81,-38.68
-0.29,0.16,0.14,-29.15,-71.78,-4.43,0.14,0.09,-0.56,32.4,-57.57,27.99
-0.51,-0.06,0.92,-2.93,-28.4,35.02,0.08,0.08,-0.56,42.9,-29.47,-2.49
-0.52,-0.27,1.19,-3.07,-8.04,5.94,0.07,0.09,-0.55,50.16,-17.19,-7.89
-0.5,0.06,1.09,-6.46,7.19,1.11,0.08,0.09,-0.56,49.07,-21.98,2.21
-0.42,0.18,1.08,13.06,3.55,-6.49,0.09,0.09,-0.56,42.19,-17.29,6.41
-0.39,0.03,1.04,27.9,7.13,1.14,0.11,0.11,-0.55,43.62,-18.97,1.35
-0.46,-0.1,1.04,17.24,23.29,5.32,0.13,0.13,-0.55,45.85,-21.55,-3.57
-0.36,0.03,1.2,14.58,32.05,3.93,0.16,0.15,-0.56,42.4,-14.03,0.92
-0.44,-0.28,2,-5.75,-8.61,7.17,0.18,0.15,-0.55,41.29,-5.92,-3.61
-0.84,0.31,1.78,-74.54,-80.6,-26.77,0.11,0.1,-0.56,42,-13.49,4.47
-0.57,0.48,0.5,-11.84,-0.07,-42.88,0.08,0.05,-0.56,33.62,-37.87,30.52
0.05,-0.23,-0.56,56.16,60.85,-17.96,0.1,0.06,-0.57,30.52,5.76,-32.03
0.1,0.08,0.03,-13.73,-21.46,13.09,0.14,0.07,-0.56,26.59,50.37,39.12
-0.68,0.13,0.7,2.19,-29.81,9.56,0.1,0.06,-0.57,32.43,-47.66,6.23
-0.46,-0.03,1.09,6.9,-3.6,30.92,0.09,0.08,-0.57,41.92,-20.44,-1.19
-0.55,0.14,1.18,15.05,15.38,12.92,0.09,0.09,-0.56,43.83,-19.9,4.05
-0.39,0,1.04,17.96,23.07,21.76,0.11,0.11,-0.56,44.01,-20.08,0.04
-0.33,-0.02,1.1,12.79,24.56,5.99,0.14,0.13,-0.55,42.82,-14.8,-0.81
-0.31,-0.04,1.1,14.98,8.35,-2.44,0.16,0.14,-0.56,41.27,-13.88,-1.52
-0.39,-0.19,1.02,8.55,9.01,-10.29,0.17,0.14,-0.55,40.15,-17.75,-7.37
-0.14,0.05,1.01,6.8,12.2,-9.67,0.19,0.15,-0.55,38.84,-7.31,2.47
-0.4,-0.1,1.39,2.94,7.82,-11.38,0.19,0.15,-0.55,38.04,-11.21,-2.55
-0.58,-0.37,2,-51.9,-72.05,-43.66,0.16,0.14,-0.55,40.51,-7.5,-4.64
-0.66,0.67,1.51,-27.51,-37.97,-16.86,0.09,0.08,-0.56,39.5,-12.71,12.84
-0.25,0.42,-0.08,37.99,8.55,-50.53,0.07,0.06,-0.56,37.1,-30.69,58.19
0.42,-0.6,-0.28,20.73,48.01,11.06,0.09,0.08,-0.56,43.48,32.1,-50.19
-0.2,0.34,0.1,-13.08,-18.98,11.22,0.11,0.08,-0.57,37.07,-29.97,58.26
-0.61,0.07,0.89,4.99,-8.19,19.31,0.09,0.08,-0.55,42.31,-35.53,2.74
-0.51,0.11,1.17,3.46,2.09,12.88,0.08,0.09,-0.56,48.77,-19,3.41
-0.44,0.24,1.12,5.69,15.61,5.64,0.09,0.1,-0.56,46.32,-16.35,8.14
-0.42,0.05,1.05,15.96,8.89,-4.84,0.1,0.1,-0.56,44.88,-20.08,1.94
-0.32,0.01,1,15.34,2.89,-2.16,0.11,0.11,-0.56,45.89,-17.4,0.26
-0.5,-0.09,1.05,14.66,16.14,-15.86,0.11,0.12,-0.56,47.56,-22.96,-3.08
-0.39,0.03,1.06,3.76,10.08,-12.38,0.12,0.12,-0.56,44.44,-18.73,0.94
-0.34,0.1,1.04,6.68,11.65,-1.06,0.13,0.12,-0.56,43.45,-15.79,4.21
-0.44,-0.07,1.57,-14.89,-6.84,-3.78,0.13,0.12,-0.55,41.73,-9.8,-1.32
-0.61,-0.01,1.99,-37.02,-53.65,-8.64,0.1,0.1,-0.56,43.57,-8.65,-0.15
-0.68,0.54,1.32,-9.15,-45.89,-23.7,0.04,0.05,-0.56,47.85,-16.56,12.65
-0.52,0.27,-0.15,28.14,31.68,-53.39,0.03,0.03,-0.55,41.86,-60.64,26.61
0.54,-0.18,-0.25,36.53,61.95,9.31,0.07,0.04,-0.55,29.32,65.41,-16.81
0.07,-0.05,0.1,6.61,-18.36,22.09,0.1,0.06,-0.57,33.37,48.74,-32.49
-0.37,-0.1,0.83,-5.17,-5.26,41.5,0.07,0.07,-0.56,44.18,-25.32,-5.54
-0.4,0.14,1.16,-0.7,-3.06,12.96,0.07,0.07,-0.55,44.66,-15.26,4.5
-0.4,0.27,1.14,10.71,1.73,12.17,0.07,0.08,-0.56,46.43,-14.4,8.93
-0.57,0.18,1.03,8.16,2.56,6.14,0.08,0.09,-0.55,49.36,-24.57,6.46
-0.47,0.05,0.97,14.98,6.43,2.09,0.09,0.1,-0.56,47.73,-25.56,2.05
-0.52,-0.03,1,7.05,7.64,-7.27,0.1,0.11,-0.55,46.92,-26.66,-1.18
-0.38,0.07,1,14.39,5.5,-11.73,0.11,0.12,-0.55,47.27,-19.41,3.01
-0.45,-0.09,1.07,11.47,10.01,-6.18,0.13,0.13,-0.55,45.97,-19.92,-3.41
-0.33,-0.01,1.05,5.39,14.46,0.02,0.14,0.14,-0.55,45.14,-16.72,-0.57
-0.3,-0.03,1,2.65,5.39,2.21,0.15,0.14,-0.54,43.69,-15.85,-1.38
-0.28,-0.04,1,2.8,3.28,0.95,0.16,0.14,-0.55,41.13,-15.09,-1.58
-0.31,-0.05,0.98,4.06,-0.89,-1.88,0.16,0.14,-0.55,41.75,-17.02,-2.39
-0.31,-0.04,0.98,0.01,0.67,-1.38,0.16,0.14,-0.55,41.46,-17.49,-1.63
-0.27,-0.04,0.97,3.03,0.89,-1.7,0.16,0.14,-0.55,41.81,-15.62,-1.66
-0.32,-0.04,0.98,3.07,1.82,-1.81,0.16,0.14,-0.55,41.08,-17.52,-1.98
-0.31,-0.01,0.98,3.93,1.76,-3.79,0.16,0.14,-0.55,40.29,-17.74,-0.53
-0.3,-0.04,0.98,5.14,2.85,-3.33,0.17,0.14,-0.56,39.7,-16.67,-1.93
-0.3,-0.01,0.98,4.76,1.51,-3.07,0.16,0.14,-0.55,41.72,-17.16,-0.62
-0.32,-0.02,0.98,3.2,2,-3.27,0.16,0.14,-0.55,41.52,-17.94,-1.11
-0.28,-0.03,0.98,4.56,1.6,-4.13,0.16,0.15,-0.55,42.23,-15.57,-1.34
-0.33,-0.03,0.98,4.34,0.57,-1.95,0.16,0.14,-0.55,40.84,-18.25,-1.33
-0.32,-0.01,0.98,4.4,1.44,-4.54,0.16,0.15,-0.56,42.64,-17.87,-0.34
-0.29,-0.03,0.99,3.9,0.41,-4.72,0.17,0.15,-0.54,41.41,-16.22,-1.36
-0.3,-0.03,0.98,4.07,0.7,-4.05,0.16,0.15,-0.56,41.62,-16.62,-1.3
-0.32,-0.01,0.99,3.68,1.24,-3.27,0.16,0.14,-0.56,42.26,-18.16,-0.5
-0.31,-0.03,0.99,2.12,0.43,-5.7,0.16,0.15,-0.55,42.3,-16.99,-1.56
-0.32,-0.01,0.98,3.24,0.23,-4.08,0.16,0.15,-0.56,42.45,-18.04,-0.36
-0.31,-0.02,0.99,4.44,0.73,-3.29,0.16,0.15,-0.56,41.66,-17.22,-1.07
-0.29,-0.04,0.99,2.85,0.1,-3.36,0.16,0.14,-0.55,40.59,-15.81,-1.79
-0.3,-0.02,0.98,3.38,0.45,-4.48,0.16,0.14,-0.55,40.99,-17.02,-1.1
-0.29,-0.04,0.98,3.34,1.23,-3.24,0.16,0.14,-0.56,42.31,-16.39,-1.64
-0.29,-0.05,0.99,3.29,0.57,-4.45,0.17,0.15,-0.55,41.47,-15.68,-2.1
-0.3,-0.03,0.98,3.59,0.06,-3.13,0.17,0.14,-0.55,40.07,-16.91,-1.35
-0.3,-0.01,0.98,4.83,1.89,-4.73,0.16,0.14,-0.55,41.44,-17.02,-0.58
-0.28,-0.04,0.99,4.6,1.87,-2.97,0.16,0.15,-0.55,42.2,-15.26,-1.77
-0.29,-0.02,0.99,3.86,0.31,-3.44,0.17,0.15,-0.55,41.37,-16.24,-0.98
-0.3,-0.04,0.98,3.73,0.04,-3.54,0.17,0.15,-0.55,40.19,-16.46,-1.61
-0.29,0,0.98,3.61,0.34,-3.09,0.17,0.14,-0.56,40.28,-16.54,-0.03
-0.29,-0.03,1,4.07,-1.65,-3.57,0.16,0.15,-0.56,41.69,-15.91,-1.5
-0.29,-0.02,0.97,2.68,1.02,-1.94,0.17,0.14,-0.55,40.49,-16.6,-1.03
-0.29,-0.03,0.99,4.33,1.61,-1.44,0.17,0.15,-0.55,41.2,-16.02,-1.4
-0.29,-0.04,0.99,2.21,0.73,-3.67,0.16,0.14,-0.55,41.56,-15.55,-1.97
-0.28,-0.03,0.98,4.38,-0.76,-3.79,0.17,0.15,-0.55,41.49,-15.93,-1.16
-0.31,-0.03,0.99,3.8,0.64,-4.26,0.16,0.15,-0.55,42.37,-17.21,-1.29
-0.29,-0.02,0.99,5.15,1.04,-5.26,0.17,0.15,-0.55,41.52,-16.29,-1.01
-0.28,-0.03,0.99,3.34,-0.82,-4.35,0.17,0.14,-0.55,41.04,-15.55,-1.57
-0.3,-0.01,0.97,3.79,1.29,-4.96,0.16,0.14,-0.55,40.57,-17.54,-0.31
-0.27,-0.03,0.99,3.69,0.83,-3.19,0.16,0.15,-0.55,41.69,-15.06,-1.55
-0.29,-0.03,0.99,1.98,0.26,-4.1,0.17,0.15,-0.56,41.3,-16.06,-1.51
-0.3,-0.02,0.98,3.12,0.79,-3.65,0.17,0.14,-0.56,40.37,-16.96,-0.77
-0.27,-0.02,0.99,2.65,0.73,-4.33,0.17,0.14,-0.56,39.75,-15.03,-1.08
-0.29,-0.03,0.99,2.61,0.06,-3.1,0.17,0.14,-0.56,41.2,-16.22,-1.15
-0.28,-0.01,0.98,2.74,0.01,-3.93,0.16,0.14,-0.56,40.48,-16.03,-0.63
-0.3,0,0.99,2.52,1.59,-3.01,0.16,0.14,-0.56,41.13,-17.04,-0.04
-0.27,-0.02,1,3.58,0.36,-3.78,0.17,0.15,-0.56,41.07,-14.95,-1.01
-0.29,-0.01,0.99,3.04,-0.78,-3.18,0.17,0.14,-0.56,39.24,-16.02,-0.58
-0.29,-0.01,0.98,2.82,0.17,-2.21,0.17,0.14,-0.56,40.59,-16.39,-0.62
-0.27,-0.05,1,5.02,0.73,-5.07,0.17,0.14,-0.55,40.65,-14.52,-2.33
-0.28,-0.01,0.99,3.39,-0.48,-4.1,0.17,0.14,-0.56,39.55,-15.9,-0.49
-0.3,-0.01,0.98,4.57,1.11,-4.27,0.17,0.14,-0.55,39.78,-17.05,-0.39
-0.31,-0.02,1,3.93,1.67,-3.34,0.16,0.14,-0.56,41.21,-16.98,-0.69
-0.28,0,0.99,4.22,-0.09,-3.5,0.17,0.14,-0.55,40.87,-15.92,0.05
-0.29,-0.02,0.99,3.66,0.5,-2.85,0.17,0.14,-0.56,38.71,-16.45,-0.85
-0.27,-0.01,1,4.99,0.49,-3.6,0.16,0.15,-0.56,42.25,-15.03,-0.56
-0.28,-0.01,0.99,3.81,-0.44,-4.97,0.17,0.14,-0.55,39.75,-15.66,-0.64
-0.29,0,0.98,4.02,0.61,-3.96,0.16,0.14,-0.55,41.2,-16.95,0.02
-0.29,0.01,0.97,5.58,2.47,-1.05,0.17,0.14,-0.55,40.43,-16.77,0.65
-0.17,0.06,0.96,13.82,-0.82,17.93,0.17,0.15,-0.56,40.23,-10,2.93
-0.25,0.04,0.92,24.58,-5.01,60.91,0.19,0.16,-0.54,40.52,-15.83,2.02
-0.16,-0.03,0.93,20.46,15.01,140.2,0.24,0.18,-0.54,36.56,-9.82,-1.6
-0.11,-0.23,0.91,15.14,19.61,164.93,0.33,0.16,-0.53,26.14,-5.84,-13.86
0.08,-0.29,0.98,0.96,26.12,173.69,0.43,0.11,-0.51,14.6,3.74,-15.73
